"gye","sa","jik","level","gid","bc_level"
"","","",,1,
"","","서얼",19,2240,
"","공릉","참봉",18,356,
"","산학","별제",12,733,
"수의부위","","",16,2241,
"","","선혜랑",12,2242,
"","","권지",19,2243,
"","","춘양군",5,2244,
"","집현전","부수찬",12,2245,
"","","대호군",6,2246,
"","의빈부","의빈",2,2247,
"","돈녕부","부승",15,2248,
"","경승부","부승",15,2249,
"","돈녕부","승",13,2250,
"","경승부","승",13,2251,
"","","장부",10,2252,
"","전례서","장부",10,2253,
"","집현전","교리",9,2254,
"","홍문관","교리",9,2255,
"","승문원","교리",10,2256,
"","교서관","교리",10,2257,
"","","사산참군",18,2258,
"","","응교",7,2259,
"","","부사맹",16,2260,
"","","사용",17,2261,
"봉사랑","","",16,2262,
"","종묘부","승",13,2263,
"","","천문교수",12,2264,
"","","봉례랑",7,2265,
"","통례원","봉례랑",7,2266,
"","통례문","통찬",11,2267,
"","","호군",7,2268,
"","내시부","교관",18,2269,
"","","수운판관",10,2270,
"","","역리",19,2271,
"","","부승",15,2272,
"","","부사",6,2273,
"","","부사과",12,2274,
"","집현전","응교",7,2275,
"","","사회",11,2276,
"","예문관","직제학",5,2277,
"","인순부","승",13.5,2278,
"","","주사",13,2279,
"","묘","영",9.5,2280,
"","관상감","시일",15,2281,
"소위장군","","",7,2282,
"","","판밀직사사",3,2283,
"","삼사","좌윤",6,2284,
"","","수권관",19,105,
"","가각고","부녹사",19,204,
"","세자시강원","별감",19,814,
"","","정",5,2,
"","경창부","윤",6,3,
"","이조","낭관",10,4,
"","호조","참의",5,6,
"가선대부","예조","참판",4,7,
"장건부위","","",16,8,
"","","감목관",12,9,
"","","감축관",12,10,
"가정대부","","",4,1715,
"","","검률",18,11,
"","","경력",8,12,
"","","경차관",7.5,13,
"","","관압사",3,14,
"","","관찰사",4,15,
"","","교관",12,16,
"","","교리",10,17,
"","","교서랑",17,18,
"","","교수",12,19,
"","","교수관",12,20,
"","","교양관",10,21,
"","","군수",8,22,
"","","권관",18,23,
"","","근리사",3.5,24,
"","","급사",16,25,
"","","기거주",9,26,
"","","기사장",5,27,
"","","낭청",12,30,
"","","내불당",5,31,
"","","녹사",15,32,
"","","단련사",5,33,
"","","당상",3,34,
"","","대군사부",18,35,
"","","대도호부사",5,36,
"","","대부",18,37,
"","","대장",4,38,
"","","대장군",6,39,
"","","대전관",2,40,
"","","대제학",3,41,
"","","도무사",9,42,
"","","도사",10,43,
"","","도순찰사",3,44,
"","","도승",18,45,
"","","도원수",3,46,
"","","도정",5,47,
"","","도제조",1,48,
"","","도청",7,49,
"","","도체찰사",1,50,
"","","도호부사",6,51,
"","","독권관",2.5,52,
"","","동몽훈도",18,53,
"","","동지사",4,54,
"","","동지정사",2,55,
"","","령",9,56,
"","","만호",8,57,
"","","목사",5,58,
"","","문사낭청",15,59,
"","","박사",13,60,
"","","반감",14.5,61,
"","","방어사",4,62,
"","","백총",8,63,
"","","별검",15.5,64,
"","","별운검",3,65,
"","","별장",5,66,
"","","별정",5,67,
"","","별제",12,68,
"","","별좌",9.5,69,
"","","병마사",5.5,70,
"","","병마절도사",4,71,
"","","봉사",16,72,
"","","봉어",11,73,
"","","봉조하",4,74,
"","","부교리",10,75,
"","","부급사",18,76,
"","","부봉사",17,77,
"","","부사",8.5,78,
"","","부유수",4,79,
"","","부윤",4,80,
"","","부장",12,81,
"","","부정",6,82,
"","","부정자",18,83,
"","","부제조",5,84,
"","","부체찰사",5,85,
"","","사",11,86,
"","","사부",1,87,
"","","사윤",5,88,
"","","사인",8,89,
"","","사직",9,90,
"","","산원",15,91,
"","","상서",5,92,
"","","서윤",7,93,
"","","선위사",3,94,
"","","설리",10.5,95,
"","","소감",8,96,
"","","소경",8,97,
"","","소훈",10,98,
"","","수",7,99,
"","","수군도병마사",4,100,
"","","수군방어사",4,101,
"","","수군우후",7,102,
"","","수군절도사",5,103,
"","","수궁대장",3,104,
"","","수령관",9,106,
"","","수봉관",18,107,
"","","수위관",18,108,
"","","순금사",4,109,
"","","순영중군",5,110,
"","","순찰사",4,111,
"","","습독관",15,112,
"","","승",13.5,113,
"","","심약",18,114,
"","","아경",4,115,
"","","안집사",9,116,
"","","안찰사",9,117,
"","","역승",18,118,
"","","영사",1,119,
"","","영의정",1,120,
"","","영장",5,121,
"","","우상대장",4,122,
"","","우후",6,123,
"","","원접사",4,124,
"","","위장",4,125,
"","","유수",4,126,
"","","윤",5,127,
"","","율학박사",16,128,
"","","의랑",7,129,
"","","의정",1,130,
"","","장군",8,131,
"","","장서기",13,132,
"","","재신",2,133,
"","","전관",10,134,
"","","전교관",5,135,
"","","전근랑",18,136,
"","","전랑",10,137,
"","","전리",13.5,138,
"","","전사",13,139,
"","","전서",5,140,
"","","절도사",4,141,
"","","감승",10,142,
"","","절제도위",12,143,
"","","절제사",5,144,
"","","정경",3,145,
"","","정랑",9,146,
"","","정자",17,147,
"","","제거",5.5,148,
"","","제공",14,149,
"","","제독관",12,150,
"","","제조",3,151,
"","","제학",4,152,
"","","조방장",18,153,
"","","종사",14,154,
"","","종사관",12,155,
"","","종친부",5,156,
"","","좌랑",11,157,
"","","좌상대장",4,158,
"","","주부",12,159,
"","","중군",4,160,
"","","중랑장",9,161,
"","","중호",3,162,
"","","지변사재상",3,163,
"","","지부사",3,164,
"","","지사",3,165,
"","","지제교",8.5,166,
"","","직장",14,167,
"","","직제학",5,168,
"","","직학사",5,169,
"","","진무",8.5,170,
"","","진영장",5,171,
"","","찰리사",5,172,
"","","찰방",12,173,
"","","참봉",18,174,
"","","참의",5,175,
"","","참판",4,176,
"","","채방별감",9.5,177,
"","","채방부사",7.5,178,
"","","채방사",5.5,179,
"","","천총",5,180,
"","","천호",10.5,181,
"","","첨절제사",6,182,
"","","첨정",8,183,
"","","첨지사",8,184,
"","","체찰사",2,185,
"","","초관",18,186,
"","","초토사",3,187,
"","","총랑",7,188,
"","","총호사",1,189,
"","","축성사",5,190,
"","","통제사",4,191,
"","","판관",10,192,
"","","판사",4,193,
"","","평사",11,195,
"","","평장사",3,196,
"","","하정정사",2,197,
"","","학사",6,198,
"","","현감",12,199,
"","","현령",10,200,
"","","후영장",10,201,
"","","훈도",17,202,
"","가례도감","낭청",12,205,
"","가례도감","도제조",1,206,
"","가례도감","도청",7,207,
"","가례도감","부사",3,208,
"","가례도감","정사",1,209,
"","가례도감","제조",3,210,
"","간경도감","낭청",10,211,
"","간경도감","도제조",1,212,
"","간경도감","사",6,213,
"","간경도감","제조",3,214,
"","감공관","첨정",8,215,
"","강서관","전적",11,216,
"","강원도","강릉대도호부사",5,217,
"","강원도","경력",8,218,
"","강원도","관찰사",4,219,
"","강원도","교수",12,220,
"","강원도","교수관",18,221,
"","강원도","군수",8,222,
"","강원도","도사",10,223,
"","강원도","도호부사",6,224,
"","","판서",3,194,
"","강원도","방어사",4,225,
"","강원도","병마절도사",4,226,
"","강원도","삼척도호부사",6,227,
"","강원도","수군절도사",4,228,
"","강원도","양양도호부사",6,229,
"","강원도","영장",5,230,
"","강원도","지사",8,231,
"","강원도","철원도호부사",6,232,
"","강원도","춘천도호부사",6,233,
"","강원도","판관",10,234,
"","강원도","현감",12,235,
"","강원도","회양도호부사",6,236,
"","강원도","훈도",18,237,
"","강화부","경력",8,238,
"","강화부","도사",10,239,
"","강화부","별장",18,240,
"","강화부","유수",4,241,
"","강화부","중군",4,242,
"","강화부","진무사",4,243,
"","개성부","경력",8,245,
"","개성부","교수",12,246,
"","개성부","도사",10,247,
"","개성부","서윤",7,248,
"","개성부","유수",4,249,
"","개수도감","도제조",1,250,
"","건릉","참봉",18,251,
"","건원릉","참봉",18,252,
"","겸사복","장",4,253,
"","경기","강화도호부사",6,254,
"","경기","경력",8,255,
"","경기","관찰사",4,256,
"","경기","교수",12,257,
"","경기","교수관",18,258,
"","경기","군수",8,259,
"","경기","남양도호부사",6,260,
"","경기","도사",10,261,
"","경기","도호부사",6,262,
"","경기","목사",5,263,
"","경기","방어사",4,264,
"","경기","별장",18,265,
"","경기","병마절도사",4,266,
"","경기","부평도호부사",6,267,
"","경기","수군절도사",5,268,
"","경기","수군통어사",4,269,
"","경기","수원도호부사",6,270,
"","경기","이천도호부사",6,271,
"","경기","인천도호부사",6,272,
"","경기","장단도호부사",6,273,
"","경기","중군",4,274,
"","경기","지사",9,275,
"","경기","지평현감",12,276,
"","경기","판관",10,277,
"","경기","풍덕도호부사",6,278,
"","경기","현감",12,279,
"","경기","현령",10,280,
"","경기","훈도",18,281,
"","경기전","참봉",18,282,
"","경릉","참봉",18,283,
"","경리청","경리사",3,284,
"","경리청","관성장",5,285,
"","경리청","부령관",8,286,
"","경모궁","영",10,287,
"","경모궁","제조",3,288,
"","경모전","제조",3,289,
"","경상도","거제도호부사",6,290,
"","경상도","경력",8,291,
"","경상도","경주부윤",4,292,
"","경상도","관찰사",4,293,
"","경상도","교수",12,294,
"","경상도","교수관",18,295,
"","경상도","군수",8,296,
"","경상도","김해도호부사",6,297,
"","경상도","대구도호부사",6,298,
"","경상도","대도호부",5,299,
"","경상도","대도호부사",5,300,
"","경상도","도사",10,301,
"","가각고","녹사",19,203,
"","경상도","도원수",3,302,
"","경상도","동래도호부사",6,303,
"","경상도","동래부윤",4,304,
"","경상도","목사",5,305,
"","경상도","밀양도호부사",6,306,
"","경상도","방어사",4,307,
"","경상도","별장",18,308,
"","경상도","병마절도사",4,309,
"","경상도","부윤",4,310,
"","경상도","선산도호부사",6,311,
"","경상도","수군우후",7,312,
"","경상도","수군절도사",5,313,
"","경상도","수군첨절제사",6,314,
"","경상도","영장",5,315,
"","경상도","영해도호부사",6,316,
"","경상도","우후",6,317,
"","경상도","조방장",18,318,
"","경상도","지사",11,319,
"","경상도","진주목사",5,320,
"","경상도","창원도호부사",6,321,
"","경상도","청송도호부사",6,322,
"","경상도","판관",10,323,
"","경상도","평사",11,324,
"","경상도","현감",12,325,
"","경상도","현령",10,326,
"","경상도","훈도",18,327,
"","경승부","사윤",5,328,
"","경승부","서윤",7,329,
"","경시서","승",16,330,
"","경시서","영",13,331,
"","경시서","주부",12,332,
"","경연","검토관",11,333,
"","경연","동지사",4,334,
"","경연","부검토관",10,335,
"","경연","시강관",7,336,
"","경연","시독관",9,337,
"","경연","영사",1,338,
"","경연","지사",3,339,
"","경연","참찬관",5,340,
"","경연","특진관",2.5,341,
"","경연청","강독관",6,342,
"","경연청","사경",13,343,
"","경연청","설경",15,344,
"","경연청","시강관",7,345,
"","경연청","시독",9,346,
"","경연청","전경",17,347,
"","경연청","참참관",5,348,
"","경주부","교수",12,349,
"","경주부","부윤",4,350,
"","경주부","서윤",7,351,
"","경창부","서윤",7,352,
"","경효전","제조",3,353,
"","경흥창","서윤",7,354,
"","공신도감","낭관",10,357,
"","공신도감","낭청",12,358,
"","공신도감","사",5,359,
"","공안부","서윤",7,360,
"","공안부","영사",4,361,
"","공안부","판관",10,362,
"","공안부","판사",4,363,
"","공역서","승",5,364,
"","공정고","부사",12,365,
"","공조","낭청",12,366,
"","공조","의랑",7,367,
"","공조","전서",5,368,
"","공조","정랑",9,369,
"","공조","좌랑",11,370,
"","공조","참의",5,371,
"","공조","참판",4,372,
"","공조","판서",3,373,
"","공조서","영",5,374,
"","공현위","장",5,375,
"","관상감","교수",12,377,
"","관상감","봉사",16,378,
"","관상감","부봉사",17,379,
"","관상감","부정",6,380,
"","관상감","부제조",5,381,
"","관상감","사신",18,382,
"","관상감","영사",1,383,
"","관상감","정",5,384,
"","관상감","제조",3,385,
"","관상감","직장",14,386,
"","관상감","천문학교수",12,387,
"","관상감","첨정",8,388,
"","관상감","판관",10,389,
"","관상감","훈도",17,390,
"","관상감 ","주부",12,391,
"","관습도감","부사",9,393,
"","광릉","영",10,394,
"","광릉","참봉",18,395,
"","광주부","경력",8,396,
"","광주부","교수",12,397,
"","광주부","방어사",4,398,
"","광주부","부윤",4,399,
"","광주부","유수",3,400,
"","광주부","중군",4,401,
"","광흥창","봉사",16,402,
"","광흥창","부봉사",17,403,
"","광흥창","부사",11,404,
"","광흥창","수",7,405,
"","광흥창","승",11,406,
"","광흥창","주부",12,407,
"","교사감","정",5,408,
"","교서감","소감",8,409,
"","교서감","승",9,410,
"","교서감","판교",5,411,
"","교서관","교리",10,412,
"","교서관","박사",13,413,
"","교서관","별제",12,414,
"","교서관","부정자",18,415,
"","교서관","저작",15,416,
"","교서관","정자",17,417,
"","교서관","제조",3,418,
"","교정청","제조",3,419,
"","국장도감","낭청",12,421,
"","국장도감","당상",3,422,
"","국장도감","도제조",1,423,
"","국장도감","도청",7.5,424,
"","국장도감","제조",3,425,
"","군기감","정",5,426,
"","군기시","도제조",1,427,
"","군기시","별좌",9.5,428,
"","군기시","봉사",16,429,
"","군기시","부정",6,430,
"","군기시","소감",8,431,
"","군기시","윤",6,432,
"","군기시","정",5,433,
"","군기시","제조",3,434,
"","군기시","주부",12,435,
"","군기시","직장",14,436,
"","군기시","참봉",18,437,
"","군기시","첨정",7,438,
"","군기시","판관",10,439,
"","군자감","봉사",16,441,
"","군자감","부봉사",17,442,
"","군자감","부정",6,443,
"","군자감","정",5,444,
"","군자감","주부",12,445,
"","군자감","직장",14,446,
"","군자감","첨정",8,447,
"","군자감","판관",10,448,
"","귀후서","별제",12,449,
"","귀후서","제조",3,450,
"","규장각","검서관",13.5,451,
"","규장각","기주관",9.5,452,
"","규장각","대교",15,453,
"","규장각","대제학",2,454,
"","규장각","제학",3,455,
"","규장각","직각",8.5,456,
"","규장각","직제학",4.5,457,
"","규장각","학사",3.5,458,
"","금위","도제조",1,459,
"","금위영","금위대장",4,460,
"","금위영","대장",4,461,
"","금위영","제조",3,462,
"","금위영","중군",4,463,
"","금화사","별제",12,464,
"","난장","제조",3,465,
"","내금위","내금위장",5,466,
"","내금위","장",4,467,
"","내명부","소용",5,468,
"","내명부","숙원",8,469,
"","내명부","숙의",4,470,
"","내명부","전언",14,471,
"","내부시","판사",5,472,
"","내섬시","별좌",9.5,473,
"","내섬시","봉사",16,474,
"","내섬시","부정",6,475,
"","내섬시","서윤",7,476,
"","내섬시","정",5,477,
"","내섬시","제조",4,478,
"","내섬시","주부",12,479,
"","내섬시","직장",14,480,
"","내섬시","첨정",8,481,
"","내섬시","판관",10,482,
"","내수사","별제",12,483,
"","내수사","부제조",5,484,
"","내수사","전수",9,485,
"","내수사","제조",3,486,
"","내시부","도설리",8,487,
"","내시부","동지사",4,488,
"","내시부","동첨지사",6,489,
"","내시부","상다",5,490,
"","내시부","상선",4,491,
"","내시부","상세",11,492,
"","내시부","상약",6,493,
"","내시부","상원",18,494,
"","내시부","상전",7,495,
"","내시부","상책",8,496,
"","내시부","상촉",12,497,
"","내시부","상탕",10,498,
"","내시부","상호",9,499,
"","내시부","승전색",7.5,500,
"","내시부","승직",10,501,
"","내시부","알자",14,502,
"","내시부","지사",6,503,
"","내시부","첨지사",5,504,
"","내시부","판사",4,505,
"","내시위","사직",9,506,
"","내시위","제조",3,507,
"","내약방","제조",3,508,
"","내의원","도제조",1,510,
"","내의원","봉사",16,511,
"","내의원","부제조",3,512,
"","내의원","서윤",7,513,
"","내의원","정",5,514,
"","내의원","제거",5,515,
"","내의원","제조",3,516,
"","내의원","주부",12,517,
"","내의원","직장",14,518,
"","내의원","첨정",8,519,
"","내의원","판관",10,520,
"","내의원","훈도",17,521,
"","내자시","봉사",16,522,
"","내자시","부정",6,523,
"","내자시","서윤",7,524,
"","내자시","정",5,525,
"","내자시","제조",3,526,
"","내자시","주부",12,527,
"","내자시","직장",14,528,
"","내자시","첨정",8,529,
"","내자시","판관",10,530,
"","단송도감","제조",3,531,
"","대도호부","판관",10,532,
"","도성축조도감","제조",3,533,
"","도염서","부승",17,534,
"","도염서","영",15,535,
"","도총부","낭청",12,536,
"","도화서","별제",12,537,
"","도화서","제거",7.5,538,
"","도화서","제조",3,539,
"","돈녕부","낭관",10,541,
"","돈녕부","도정",5,542,
"","돈녕부","동지사",4,543,
"","돈녕부","봉사",16,544,
"","돈녕부","부정",6,545,
"","돈녕부","영사",1,546,
"","돈녕부","정",5,547,
"","돈녕부","주부",12,548,
"","돈녕부","지사",3,549,
"","돈녕부","직장",14,550,
"","돈녕부","참봉",18,551,
"","돈녕부","첨정",8,552,
"","돈녕부","첨지사",5,553,
"","돈녕부","판사",4,554,
"","동역","제조",3,555,
"","명릉","참봉",18,556,
"","모사도감","제조",3,557,
"","목릉","참봉",18,558,
"","목청전","참봉",18,559,
"","묘소도감","제조",3,560,
"","무위소","제조",3,562,
"","무위영","대장",4,563,
"","문묘도감","제조",3,564,
"","문소전","제조",3,565,
"","문소전","참봉",18,566,
"","변정도감","부사",9,567,
"","변정도감","사",5,568,
"","변정도감","제조",3,569,
"","별요","제조",3,570,
"","병조","낭관",10,571,
"","병조","의랑",7,572,
"","병조","전서",5,573,
"","병조","정랑",9,574,
"","병조","좌랑",11,575,
"","병조","주사",13,576,
"","병조","참의",5,577,
"","병조","참지",5,578,
"","병조","참지사",4,579,
"","병조","참판",4,580,
"","병조","판서",3,581,
"","보양청","보양관",2.5,582,
"","봉묘도감","제조",3,583,
"","봉상시","경",5,584,
"","봉상시","봉사",16,585,
"","봉상시","부봉사",17,586,
"","봉상시","부정",6,587,
"","봉상시","서윤",7,588,
"","봉상시","소경",8,589,
"","봉상시","승",10,590,
"","봉상시","윤",6,591,
"","봉상시","정",5,592,
"","봉상시","제조",3,593,
"","봉상시","주부",12,594,
"","봉상시","직장",14,595,
"","봉상시","참봉",18,596,
"","봉상시","첨정",8,597,
"","봉상시","판관",10,598,
"","봉상시","협률랑",13,599,
"","부묘도감","제조",3,600,
"","비변사","낭관",10,601,
"","비변사","낭청",12,602,
"","비변사","당상",3,603,
"","비변사","문비랑",12,604,
"","비변사","부제조",5,605,
"","비변사","유사당상",3,606,
"","비변사","제조",3,607,
"","비석소","제조",3,608,
"","비융사","제조",3,609,
"","빈궁도감","제조",3,611,
"","빈전도감","낭청",12,613,
"","빈전도감","당상",3,614,
"","빈전도감","도청",7.5,615,
"","빈전도감","제조",3,616,
"","빈전도감","판사",4,617,
"","빙고","별검",15.5,618,
"","빙고","별제",12,619,
"","빙고","제조",3,620,
"","사간원","대사간",5,621,
"","사간원","사간",6,622,
"","사간원","정언",11,623,
"","사간원","지사",4,624,
"","사간원","헌납",9,625,
"","사농시","경",5,626,
"","사농시","주부",12,627,
"","사도시","부정",6,628,
"","사도시","정",5,629,
"","사도시","제조",4,630,
"","사도시","주부",12,631,
"","사도시","직장",14,632,
"","사도시","첨정",8,633,
"","사리각","제조",3,634,
"","사복시","견마배",14,635,
"","사복시","부정",7,636,
"","사복시","서윤",7,637,
"","사복시","소경",8,638,
"","사복시","정",5,639,
"","사복시","제조",3,640,
"","사복시","주부",12,641,
"","사복시","직장",14,642,
"","사복시","첨정",8,643,
"","사복시","판관",10,644,
"","사복시","판사",5,645,
"","사선서","령",9,646,
"","사섬시","봉사",16,647,
"","사섬시","부정",6,648,
"","사섬시","정",5,649,
"","사섬시","제조",3,650,
"","사섬시","주부",12,651,
"","사섬시","직장",14,652,
"","사섬시","참봉",18,653,
"","사섬시","첨정",8,654,
"","사섬시","판관",10,655,
"","사신","서장관",8.5,656,
"","사역원","교수",12,658,
"","사역원","부사",9,659,
"","사역원","부정",6,660,
"","사역원","부제조",5,661,
"","사역원","부지사",10,662,
"","사역원","정",5,663,
"","사역원","제조",3,664,
"","사역원","주부",12,665,
"","사역원","지사",6,666,
"","사역원","직장",14,667,
"","사역원","첨정",7,668,
"","사역원","첨지사",8,669,
"","사역원","판관",10,670,
"","사역원","판사",5,671,
"","사역원","훈도",17,672,
"","사온서","봉사",16,673,
"","사온서","영",9,674,
"","사온서","주부",12,675,
"","사온서","직장",14,676,
"","사옹원","별좌",9.5,677,
"","사옹원","봉사",16,678,
"","사옹원","부제조",5,679,
"","사옹원","선부",14,680,
"","사옹원","정",5,681,
"","사옹원","제검",7.5,682,
"","사옹원","제조",3,683,
"","사옹원","주부",12,684,
"","사옹원","직장",14,685,
"","사옹원","참봉",18,686,
"","사옹원","첨정",8,687,
"","사옹원","판관",10,688,
"","사의감","제거",5.5,689,
"","사재감","봉사",16,691,
"","사재감","부정",6,692,
"","사재감","소감",8,693,
"","사재감","정",5,694,
"","사재감","제조",3,695,
"","사재감","주부",12,696,
"","사재감","직장",14,697,
"","사재감","참봉",18,698,
"","사재감","첨정",8,699,
"","사직서","령",10,700,
"","사직서","제조",3,701,
"","사직서","직장",14,702,
"","사직서","참봉",18,703,
"","사축서","별제",12,704,
"","사축서","사축",12,705,
"","사축서","제조",3,706,
"","사평부","당상",3,707,
"","사평부","우사",5,708,
"","사평부","장사",9,709,
"","사평부","좌사",3,710,
"","사평부","판사",2,711,
"","사포서","별검",15.5,712,
"","사포서","별제",12,713,
"","사포서","사포",11,714,
"","사포서","제조",3,715,
"","사표국","부사",12,716,
"","사표국","사",10,717,
"","사학","교수",12,718,
"","사헌부","감찰",11,719,
"","사헌부","대사헌",4,720,
"","사헌부","시사",7,721,
"","사헌부","잡단",10,722,
"","사헌부","장령",7,723,
"","사헌부","중승",8,724,
"","사헌부","지평",9,725,
"","사헌부","집의",6,726,
"","산릉도감","낭관",10,728,
"","산릉도감","낭청",12,729,
"","산릉도감","수릉관",2.5,730,
"","산릉도감","시릉내시",4.5,731,
"","산릉도감","제조",3,732,
"","삼사","영사",1,734,
"","삼사","판사",2,735,
"","상서사","정",5,736,
"","상서성","복야",3,737,
"","상서원","부직장",15,738,
"","상서원","서윤",7,739,
"","상서원","직장",14,740,
"","상서원","판관",10,741,
"","상서원","판사",5,742,
"","상의원","별제",12,743,
"","상의원","정",5,744,
"","상의원","제거",5.5,745,
"","상의원","제조",3,746,
"","상의원","주부",12,747,
"","상의원","직장",14,748,
"","상의원","첨정",8,749,
"","상의원","판관",10,750,
"","상정소","낭청",12,751,
"","상정소","제조",3,752,
"","상정청","당상",3,753,
"","상호도감","당상",3,755,
"","상호도감","도제조",1,756,
"","상호도감","제조",3,757,
"","서운감","정",5,758,
"","서운감","주부",12,759,
"","서운관","승",13.5,760,
"","서운관","장루",14,761,
"","서운관","주부",12,762,
"","선결도감","제조",3,763,
"","선공감","감역관",18,765,
"","선공감","봉사",16,766,
"","선공감","부봉사",17,767,
"","선공감","부정",6,768,
"","선공감","소감",8,769,
"","선공감","승",13.5,770,
"","선공감","정",5,771,
"","선공감","제조",3,772,
"","선공감","주부",12,773,
"","선공감","직장",14,774,
"","선공감","참봉",18,775,
"","선공감","첨정",8,776,
"","선공감","판관",10,777,
"","선공감","판사",5,778,
"","선교감","첨정",8,779,
"","선릉","봉사",16,780,
"","선릉","참봉",18,781,
"","선혜청","낭청",12,782,
"","선혜청","당상",3,783,
"","선혜청","제조",3,784,
"","성균관","대사성",5,785,
"","성균관","동지사",4,786,
"","성균관","박사",13,787,
"","성균관","사성",6,788,
"","성균관","사업",7,789,
"","성균관","사예",7,790,
"","성균관","전적",11,791,
"","성균관","좨주",5,792,
"","성균관","주부",12,793,
"","성균관","지사",3,794,
"","성균관","직강",9,795,
"","성균관","직장",14,796,
"","성균관","직학",18,797,
"","성균관","학록",17,798,
"","성균관","학유",18,799,
"","성균관","학정",15,800,
"","성균관","훈도",17,801,
"","세손강서원","우유선",4.5,802,
"","세손강서원","유선",4.5,803,
"","세손강서원","익선",8,804,
"","세손강서원","좌권독",10,805,
"","세손강서원","좌유선",4.5,806,
"","세손강서원","찬독",12,807,
"","세손시강원","부",1,808,
"","세손시강원","사",1,809,
"","세손익위사","장사",12,810,
"","세손익위사","종사",14,811,
"","세자시강원","겸설서",13,812,
"","세자시강원","문학",9,813,
"","세자시강원","보덕",5,815,
"","세자시강원","부",1,816,
"","세자시강원","부빈객",4,817,
"","세자시강원","빈객",3,818,
"","세자시강원","사",1,819,
"","세자시강원","사경",11,820,
"","세자시강원","사서",11,821,
"","세자시강원","설서",13,822,
"","세자시강원","시학",11,823,
"","세자시강원","우부빈객",4,824,
"","세자시강원","우빈객",3,825,
"","세자시강원","윤",4,826,
"","세자시강원","이사",2,827,
"","세자시강원","자의",13,828,
"","세자시강원","정자",17,829,
"","세자시강원","좌부빈객",4,830,
"","세자시강원","좌빈객",3,831,
"","세자시강원","좌사경",11,832,
"","세자시강원","진선",7,833,
"","세자시강원","찬선",5,834,
"","세자시강원","태학사",4,835,
"","세자시강원","판사",3,836,
"","세자시강원","필선",7,837,
"","세자익위사","부솔",13,838,
"","세자익위사","사어",10,839,
"","세자익위사","세마",17,840,
"","세자익위사","시직",15,841,
"","세자익위사","우익위",9,842,
"","세자익위사","위수",12,843,
"","세자익위사","위찬",11,844,
"","세자익위사","익위",9,845,
"","세자익위사","익찬",11,846,
"","세자익위사","좌사어",10,847,
"","세자익위사","좌익위",9,848,
"","소격서","제조",3,850,
"","소격서","참봉",18,851,
"","소경전","참봉",18,852,
"","소릉","영",10,853,
"","수개도감","도제조",1,854,
"","수개도감","제조",3,855,
"","수릉","참봉",18,856,
"","수리도감","낭청",12,858,
"","수리도감","제조",3,859,
"","수문장청","수문장",15,860,
"","수어청","수어사",4,861,
"","수원부","방어사",4,862,
"","수원부","유수",3,863,
"","숙릉","영",10,864,
"","숙릉","참봉",18,865,
"","순릉","봉사",16,866,
"","순릉","참봉",18,867,
"","순승부","윤",6,868,
"","순승부","판관",10,869,
"","숭령전","직장",14,870,
"","숭령전","참봉",18,871,
"","숭릉","참봉",18,872,
"","숭은전","참봉",18,873,
"","숭의전","부사",10,874,
"","숭의전","사",9,875,
"","숭인전","감",11,876,
"","승녕부","서윤",7,877,
"","승녕부","윤",6,878,
"","승녕부","주부",12,879,
"","승녕부","판관",10,880,
"","승녕부","판사",4,881,
"","승문원","교감",8,882,
"","승문원","교검",11,883,
"","승문원","교리",10,884,
"","승문원","박사",13,885,
"","승문원","부교리",10,886,
"","승문원","부정자",18,887,
"","승문원","부제조",5,888,
"","승문원","부지사",8,889,
"","승문원","저작",15,890,
"","승문원","정자",17,891,
"","승문원","제조",3,892,
"","승문원","지사",5,893,
"","승문원","참교",6,894,
"","승문원","첨지사",8,895,
"","승문원","판교",5,896,
"","승문원","판사",5,897,
"","승정원","검률",18,898,
"","승정원","경력",8,899,
"","승정원","도사",10,900,
"","승정원","도승지",5,901,
"","승정원","동부승지",5,902,
"","승정원","동지사",4,903,
"","승정원","부사",4,904,
"","승정원","사",4,905,
"","승정원","사변가주서",13,906,
"","승정원","승지",5,907,
"","승정원","우부승지",5,908,
"","승정원","우승지",5,909,
"","승정원","좌부승지",5,910,
"","승정원","좌승지",5,911,
"","승정원","주서",13,912,
"","승정원","지사",4,913,
"","승정원","진신사",5,914,
"","승정원","참판",4,915,
"","승정원","판사",2,916,
"","시혜청","제조",3,917,
"","시호도감","도제조",1,918,
"","실록청","교수당상",5,919,
"","실록청","낭관",10,920,
"","실록청","당상",3,921,
"","실록청","동지사",4,922,
"","실록청","영사",1,923,
"","실록청","지사",3,924,
"","아악서","서령",10,926,
"","악학도감","제조",3,927,
"","액정서","사알",12,928,
"","액정서","사약",11,929,
"","약방","도제조",1,930,
"","약방","부제조",5,931,
"","약방","제조",3,932,
"","약학도감","사",5,933,
"","양례도감","당상",3,934,
"","양례도감","사",5,935,
"","양현고","주부",12,936,
"","양화도","승",13.5,937,
"","어영청","대장",4,938,
"","어영청","별장",5,939,
"","어영청","제조",3,940,
"","어영청","중군",4,941,
"","어영청","천총",5,942,
"","연방원","제조",3,943,
"","연방원","첨정",8,944,
"","연접도감","제조",3,945,
"","영건도감","제조",3,946,
"","영릉","영",10,947,
"","영릉","참봉",18,948,
"","영접도감","낭관",10,949,
"","영접도감","낭청",12,950,
"","영접도감","당상",3,951,
"","영접도감","부사",9,952,
"","영접도감","사",5,953,
"","영접도감","정",5,954,
"","영접도감","제조",3,955,
"","영창전","참봉",18,956,
"","영회원","참봉",18,957,
"","영회전","제조",3,958,
"","영휘전","참봉",18,959,
"","영흥부","교수",12,960,
"","영흥부","교수관",12,961,
"","영흥부","부윤",4,962,
"","영흥부","서윤",7,963,
"","영희전","참봉",18,964,
"","예릉","참봉",18,965,
"","예문","직제학",5,966,
"","예문관","검열",17,967,
"","예문관","대교",15,968,
"","예문관","대제학",3,969,
"","예문관","봉교",13,970,
"","예문관","부응교",8,971,
"","예문관","영사",1,972,
"","예문관","응교",7,973,
"","예문관","전한",6,974,
"","예문관","제학",4,975,
"","예문관","직제학",5,976,
"","예문관","학사",3,977,
"","예빈시","낭청",10,979,
"","예빈시","별제",12,980,
"","예빈시","봉사",16,981,
"","예빈시","부정",6,982,
"","예빈시","서윤",7,983,
"","예빈시","소경",8,984,
"","예빈시","정",5,985,
"","예빈시","제거",5.5,986,
"","예빈시","제조",3,987,
"","예빈시","주부",12,988,
"","예빈시","직장",14,989,
"","예빈시","참봉",18,990,
"","예빈시","첨정",8,991,
"","예빈시","판관",10,992,
"","예빈시","판사",5,993,
"","예장도감","도청",7.5,995,
"","예장도감","제조",3,996,
"","예장도감","판관",10,997,
"","예조","낭관",10,998,
"","예조","의랑",7,999,
"","예조","전서",5,1000,
"","예조","정랑",9,1001,
"","예조","좌랑",11,1002,
"","예조","주사",13,1003,
"","예조","참의",5,1004,
"","예조","참판",4,1005,
"","예조","판서",3,1006,
"","오군영","제조",3,1007,
"","오군영","파총",8,1008,
"","오부","도사",18,1009,
"","오위","경력",8,1010,
"","오위","대호군",6,1011,
"","오위","부사과",12,1012,
"","오위","부사맹",16,1013,
"","오위","부사용",18,1014,
"","오위","부사정",14,1015,
"","오위","부사직",10,1016,
"","오위","부장",12,1017,
"","오위","부호군",8,1018,
"","오위","사과",11,1019,
"","오위","사맹",15,1020,
"","오위","사용",17,1021,
"","오위","사정",13,1022,
"","오위","사직",9,1023,
"","오위","상호군",5,1024,
"","오위","오위장",4,1025,
"","오위","우위장",4,1026,
"","오위","위장",4,1027,
"","오위","장",4.5,1028,
"","오위","좌위장",4,1029,
"","오위","중위장",4,1030,
"","오위","행사용",17,1031,
"","오위","호군",7,1032,
"","오위","후부장",12,1033,
"","오위","후위장",4,1034,
"","오위도총부","경력",8,1035,
"","오위도총부","낭장",11.5,1036,
"","오위도총부","도사",10,1037,
"","오위도총부","도총관",3,1038,
"","오위도총부","도총제",3,1039,
"","오위도총부","동지총제",4,1040,
"","오위도총부","부사",4,1041,
"","오위도총부","부총관",4,1042,
"","오위도총부","지사",4,1043,
"","오위도총부","첨총제",4,1044,
"","오위도총부","총관",3.5,1045,
"","오위도총부","총사",3,1046,
"","오위도총부","총제",4,1047,
"","오위도총부","판사",1,1048,
"","온릉","영",10,1049,
"","온릉","참봉",18,1050,
"","와서","별제",12,1051,
"","와서","제조",3,1052,
"","외명부","숙인",4.5,1053,
"","요물고","부사",12,1054,
"","용호영","금군별장",4,1055,
"","용호영","대장",4,1056,
"","용호영","도별장",4,1057,
"","우림위","장",5,1058,
"","원소도감","당상",3,1059,
"","원소도감","제조",3,1060,
"","원유사","제조",3,1061,
"","유릉","참봉",18,1062,
"","응방","제조",3,1063,
"","의금부","경력",8,1064,
"","의금부","낭관",10,1065,
"","의금부","낭청",12,1066,
"","의금부","당상",3,1067,
"","의금부","도사",10,1068,
"","의금부","동지사",4,1069,
"","의금부","부진무",6,1070,
"","의금부","영사",15,1071,
"","의금부","제조",3,1072,
"","의금부","지사",3,1073,
"","의금부","진무",5,1074,
"","의금부","판사",2,1075,
"","의빈부","경력",8,1077,
"","의빈부","도사",10,1078,
"","의빈부","부위",5,1079,
"","의빈부","승빈",3.5,1080,
"","의영고","봉사",16,1081,
"","의영고","부사",12,1082,
"","의영고","사",11,1083,
"","의영고","영",10,1084,
"","의영고","주부",12,1085,
"","의영고","직장",14,1086,
"","의장고","낭청",10,1087,
"","의정부","간의대부",7,1089,
"","의정부","검상",9,1090,
"","의정부","녹사",15,1091,
"","의정부","사록",15,1092,
"","의릉","참봉",18,1076,
"","의정부","사인",7,1093,
"","의정부","상의원사",4,1094,
"","의정부","시중",1,1095,
"","의정부","영의정",1,1096,
"","의정부","우의정",1,1097,
"","의정부","우찬성",2,1098,
"","의정부","우참찬",3,1099,
"","의정부","의정",1,1100,
"","의정부","정랑",9,1101,
"","의정부","좌의정",1,1102,
"","의정부","좌찬성",2,1103,
"","의정부","좌참찬",3,1104,
"","의정부","지사",4,1105,
"","의정부","찬성",2,1106,
"","의정부","찬성사",3,1107,
"","의정부","참지사",4,1108,
"","의정부","참찬",3,1109,
"","의정부","판사",2,1110,
"","의정부","평리",4,1111,
"","의정부","평장사",3,1112,
"","의효전","제조",3,1113,
"","이조","낭청",12,1114,
"","이조","의랑",7,1115,
"","이조","전서",5,1116,
"","이조","정랑",9,1117,
"","이조","좌랑",11,1118,
"","이조","참의",5,1119,
"","이조","참판",4,1120,
"","이조","판서",3,1121,
"","익릉","참봉",18,1122,
"","인녕부","사윤",5,1123,
"","인녕부","서윤",7,1124,
"","인녕부","승",13.5,1125,
"","인녕부","윤",6,1126,
"","인녕부","판관",10,1127,
"","인릉","참봉",18,1128,
"","인삼도감","제조",3,1129,
"","인수부","서윤",7,1130,
"","인수부","승",13.5,1131,
"","인수부","윤",6,1132,
"","인수부","판관",10,1133,
"","인순부","서윤",7,1134,
"","인순부","윤",6,1135,
"","인순부","판관",10,1136,
"","인임부","윤",5,1137,
"","자문감","직장",14,1138,
"","장례도감","당상",3,1139,
"","장례원","사의",9,1140,
"","장례원","사평",11,1141,
"","장례원","제조",3,1142,
"","장례원","주사",13,1143,
"","장례원","판결사",5,1144,
"","장릉","참봉",18,1145,
"","장무관","직장",14,1146,
"","장생서","령",9,1147,
"","장생전","제조",3,1148,
"","장악원","부정",6,1149,
"","장악원","전악",11,1150,
"","장악원","전율",13,1151,
"","장악원","정",5,1152,
"","장악원","제조",3,1153,
"","장악원","주부",12,1154,
"","장악원","직장",14,1155,
"","장악원","첨정",8,1156,
"","장예원","사의",9,1157,
"","장예원","판결사",5,1158,
"","장용영","대장",4,1159,
"","장용영","제조",3,1160,
"","장원서","별검",15.5,1162,
"","장원서","별제",12,1163,
"","장원서","장원",11,1164,
"","장원서","제조",3,1165,
"","장흥고","령",9,1166,
"","장흥고","봉사",16,1167,
"","장흥고","사",10,1168,
"","장흥고","주부",12,1169,
"","장흥고","직장",14,1170,
"","전교서","별제",12,1171,
"","전교서","판사",5,1172,
"","전구서","령",9,1173,
"","전농시","부정",6,1174,
"","전농시","서윤",7,1175,
"","전농시","정",5,1176,
"","전농시","주부",12,1177,
"","전농시","직장",14,1178,
"","전농시","판관",10,1179,
"","전농시","판사",5,1180,
"","전라도","경력",8,1181,
"","전라도","관찰사",4,1182,
"","전라도","교수",12,1183,
"","전라도","군수",8,1184,
"","전라도","남원도호부사",6,1185,
"","전라도","담양도호부사",6,1186,
"","전라도","도사",10,1187,
"","전라도","목사",5,1188,
"","전라도","방어사",4,1189,
"","전라도","별장",18,1190,
"","전라도","병마절도사",4,1191,
"","전라도","부윤",4,1192,
"","전라도","수군우후",7,1193,
"","전라도","수군절도사",5,1194,
"","전라도","순천도호부사",6,1195,
"","전라도","영장",5,1196,
"","전라도","우후",6,1197,
"","전라도","장흥도호부사",6,1198,
"","전라도","전주부윤",4,1199,
"","전라도","조방장",18,1200,
"","전라도","지사",12,1201,
"","전라도","판관",10,1202,
"","전라도","평사",11,1203,
"","전라도","현감",12,1204,
"","전라도","현령",10,1205,
"","전라도","훈도",18,1206,
"","전사시","판사",5,1207,
"","전생서","제조",3,1208,
"","전생서","주부",12,1209,
"","전생서","직장",14,1210,
"","전생서","참봉",18,1211,
"","전선사","제조",3,1212,
"","전설사","별검",15.5,1213,
"","전설사","별제",12,1214,
"","전설사","수",7,1215,
"","전악서","령",9,1216,
"","전악서","전악",11,1217,
"","전연사","별제",12,1218,
"","전연사","직장",14,1219,
"","전옥서","봉사",16,1220,
"","전옥서","주부",12,1221,
"","전옥서","참봉",18,1222,
"","전의감","교수",12,1224,
"","전의감","부정",6,1225,
"","전의감","소감",8,1226,
"","전의감","정",5,1227,
"","전의감","제조",3,1228,
"","전의감","주부",12,1229,
"","전의감","참봉",18,1230,
"","전의감","첨정",8,1231,
"","전의감","판관",10,1232,
"","전주부","부윤",4,1233,
"","전주부","서윤",7,1234,
"","전중시","소경",8,1235,
"","전함사","제조",3,1236,
"","전함사","판관",10,1237,
"","전함사","해운판관",9,1238,
"","접대도감","낭청",10,1239,
"","접대도감","도청",7.5,1240,
"","정릉","참봉",18,1241,
"","정리소","정리사",3,1242,
"","제릉","참봉",18,1243,
"","제언사","제조",3,1244,
"","제용감","녹사",15,1245,
"","제용감","봉사",16,1246,
"","제용감","부정",6,1247,
"","제용감","정",5,1248,
"","제용감","제조",3,1249,
"","제용감","주부",12,1250,
"","제용감","직장",14,1251,
"","제용감","참봉",18,1252,
"","제용감","첨정",8,1253,
"","제용감","판관",10,1254,
"","제용감","판사",5,1255,
"","조묘도감","제조",3,1256,
"","조성도감","제조",3,1257,
"","조지서","별제",12,1258,
"","조지서","사지",12,1259,
"","조지서","제조",3,1260,
"","존호도감","도제조",1,1262,
"","존호도감","제조",3,1263,
"","종묘","부봉사",17,1264,
"","종묘","제조",3,1265,
"","종묘","직장",14,1266,
"","종묘서","낭청",12,1267,
"","종묘서","령",10,1268,
"","종묘서","봉사",16,1269,
"","종묘서","주부",12,1270,
"","종부시","경",5,1271,
"","종부시","령",9,1272,
"","종부시","서윤",7,1273,
"","종부시","정",5,1274,
"","종부시","제조",3,1275,
"","종부시","주부",12,1276,
"","종부시","직장",14,1277,
"","종부시","판관",10,1278,
"","장원서","별감",19,1161,
"","종부시","판사",5,1279,
"","종친부","도정",5,1280,
"","종친부","부령",10,1281,
"","종친부","부수",8,1282,
"","종친부","부정",6,1283,
"","종친부","전부",9,1284,
"","종친부","전첨",7,1285,
"","종친부","종정경",4,1286,
"","종친부","지종정경",3,1287,
"","종학","도선",7,1288,
"","종학","박사",13,1289,
"","종학","사회",12,1290,
"","준원전","령",12,1291,
"","중건도감","제조",3,1292,
"","중서문하성","좌간의대부",7,1293,
"","중추부","경력",8,1294,
"","중추부","도사",10,1295,
"","중추부","동지사",4,1296,
"","중추부","동지정사",2,1297,
"","중추부","부사",4,1298,
"","중추부","영사",1,1299,
"","중추부","지사",3,1300,
"","중추부","첨지사",5,1301,
"","중추부","판사",2,1302,
"","중추원","사",2,1303,
"","중추원","상의사",4,1304,
"","중추원","영사",1,1305,
"","중추원","중추",4,1306,
"","중추원","지사",3,1307,
"","중추원","첨서",5,1308,
"","중추원","판사",4,1309,
"","중추원","학사",4,1310,
"","지릉","참봉",18,1311,
"","진무영","중군",4,1312,
"","진연청","낭청",12,1313,
"","진휼청","낭청",12,1314,
"","진휼청","제조",3,1315,
"","집현전","박사",13,1316,
"","집현전","직전",7,1317,
"","집현전","직제학",6,1318,
"","찬집청","낭청",12,1319,
"","찬집청","당상",3,1320,
"","창릉","참봉",18,1321,
"","책례도감","낭청",12,1322,
"","책례도감","도청",7.5,1323,
"","책례도감","제조",3,1324,
"","책저도감","제조",3,1325,
"","척흉청","제조",3,1326,
"","천릉도감","제조",3,1328,
"","천묘도감","제조",3,1329,
"","첨정","첨정",8,1330,
"","청주목","서윤",7,1331,
"","총리영","척후장",11,1332,
"","총리영","총리사",3,1333,
"","총융청","대장",4,1334,
"","총융청","사",4,1335,
"","총융청","중군",4,1336,
"","총융청","총융사",4,1337,
"","추쇄도감","낭청",12,1338,
"","추쇄도감","당상",3,1339,
"","추쇄도감","제조",3,1340,
"","추숭도감","낭청",12,1341,
"","추숭도감","제조",3,1342,
"","축성도감","낭청",12,1343,
"","축성사","제조",3,1344,
"","축장도감","제조",3,1345,
"","춘궁도감","낭청",12,1346,
"","춘궁도감","제조",3,1347,
"","춘추관","감사",1,1349,
"","춘추관","검열",17,1350,
"","춘추관","기사관",14,1351,
"","춘추관","기주관",9.5,1352,
"","춘추관","당상",3,1353,
"","춘추관","동지사",4,1354,
"","춘추관","수찬관",5,1355,
"","춘추관","역사",1,1356,
"","춘추관","영사",1,1357,
"","춘추관","지사",3,1358,
"","춘추관","편수관",6.5,1359,
"","충익부","도사",10,1360,
"","충익위","장",5,1361,
"","충청도","경력",8,1362,
"","충청도","관찰사",4,1363,
"","충청도","교수",12,1364,
"","충청도","교수관",18,1365,
"","충청도","군수",8,1366,
"","충청도","도사",10,1367,
"","충청도","목사",5,1368,
"","충청도","방어사",4,1369,
"","충청도","별장",18,1370,
"","충청도","병마절도사",4,1371,
"","충청도","수군우후",7,1372,
"","충청도","수군절도사",5,1373,
"","충청도","영장",5,1374,
"","충청도","우후",6,1375,
"","충청도","지사",12,1376,
"","충청도","참봉",18,1377,
"","충청도","판관",10,1378,
"","충청도","평사",11,1379,
"","충청도","현감",12,1380,
"","충청도","훈도",18,1381,
"","충훈부","경력",8,1382,
"","충훈부","낭관",10,1383,
"","충훈부","당상",3,1384,
"","충훈부","도사",10,1385,
"","충훈부","부원군",1,1386,
"","침장고","제거",5.5,1387,
"","침장고","제조",3,1388,
"","태릉","참봉",18,1389,
"","태복시","승",13.5,1390,
"","태복시","제조",3,1391,
"","태복시","첨정",8,1392,
"","태실도감","제조",3,1393,
"","태의원","도제조",1,1394,
"","통례문","부사",7,1395,
"","통례문","지사",4,1396,
"","통례문","판관",10,1397,
"","통례원","봉례",7,1398,
"","통례원","봉례랑",12,1399,
"","춘천부","유수",4,1348,
"","통례원","상례",6,1400,
"","통례원","우통례",5,1401,
"","통례원","익례",6,1402,
"","통례원","인의",12,1403,
"","통례원","좌통례",5,1404,
"","통례원","찬의",9,1405,
"","통례원","통례",5,1406,
"","통례원","판사",5,1407,
"","평시서","령",9,1408,
"","평시서","봉사",16,1409,
"","평시서","제조",3,1410,
"","평시서","직장",14,1411,
"","평안도","강계도호부사",6,1412,
"","평안도","경력",8,1413,
"","평안도","관찰사",4,1414,
"","평안도","교수",12,1415,
"","평안도","교수관",18,1416,
"","평안도","구성도호부사",6,1417,
"","평안도","군수",8,1418,
"","평안도","대도호부사",5,1419,
"","평안도","도사",10,1420,
"","평안도","도원수",3,1421,
"","평안도","도호부사",6,1422,
"","평안도","목사",5,1423,
"","평안도","방어사",4,1424,
"","평안도","별장",18,1425,
"","평안도","병마절도사",4,1426,
"","평안도","삭주도호부사",6,1427,
"","평안도","성천도호부사",6,1428,
"","평안도","수군방어사",4,1429,
"","홍문관","박사",13,1553,
"","평안도","숙천도호부사",6,1430,
"","평안도","우후",6,1431,
"","평안도","의주부윤",4,1432,
"","평안도","조방장",18,1433,
"","평안도","중군",4,1434,
"","평안도","지사",11,1435,
"","평안도","진장",5,1436,
"","평안도","창성도호부사",6,1437,
"","평안도","판관",10,1438,
"","평안도","평사",11,1439,
"","평안도","평양부윤",4,1440,
"","평안도","현감",12,1441,
"","평안도","현령",10,1442,
"","평안도","훈도",18,1443,
"","평양부","부윤",4,1444,
"","평양부","서윤",7,1445,
"","포도청","대장",4,1446,
"","포도청","부장",12,1447,
"","포도청","포도대장",4,1448,
"","표석소","제조",3,1449,
"","풍수학","도제조",3,1450,
"","풍수학","제조",3,1451,
"","풍저창","봉사",16,1452,
"","풍저창","부승",16,1453,
"","풍저창","수",7,1455,
"","풍저창","승",14,1456,
"","풍저창","사",10,1454,
"","풍저창","주부",12,1457,
"","풍저창","직장",14,1458,
"","한성부","낭관",9.5,1459,
"","한성부","낭청",10,1460,
"","한성부","당상",3,1461,
"","한성부","봉사",16,1462,
"","한성부","서윤",8,1463,
"","한성부","영",10,1464,
"","한성부","우윤",4,1465,
"","한성부","윤",4,1466,
"","한성부","좌윤",4,1467,
"","한성부","주부",12,1468,
"","한성부","참군",13,1469,
"","한성부","참봉",12,1470,
"","한성부","판관",10,1471,
"","한성부","판윤",3,1472,
"","함경도","갑산도호부사",6,1473,
"","함경도","경력",8,1474,
"","함경도","경성도호부사",6,1475,
"","함경도","경원도호부사",6,1476,
"","함경도","경흥도호부사",6,1477,
"","함경도","관찰사",4,1478,
"","함경도","교수",12,1479,
"","함경도","군수",8,1480,
"","함경도","대도호부사",5,1481,
"","함경도","덕원도호부사",6,1482,
"","함경도","도사",10,1483,
"","함경도","도호부사",6,1484,
"","함경도","방어사",4,1485,
"","함경도","별장",18,1486,
"","훈련원","지사",3,1487,
"","함경도","병마절도사",4,1488,
"","함경도","부령도호부사",6,1489,
"","함경도","부윤",4,1490,
"","함경도","북청도호부사",6,1491,
"","함경도","북평사",11,1492,
"","함경도","수군절도사",4,1493,
"","함경도","영흥부윤",4,1494,
"","함경도","온성도호부사",6,1495,
"","함경도","우후",6,1496,
"","함경도","이천도호부사",6,1497,
"","함경도","정평도호부사",6,1498,
"","함경도","존무사",4,1499,
"","함경도","종성도호부사",6,1500,
"","함경도","중군",4,1501,
"","함경도","지사",8,1502,
"","함경도","판관",10,1503,
"","함경도","평사",11,1504,
"","함경도","함흥부윤",4,1505,
"","함경도","현감",12,1506,
"","함경도","현령",10,1507,
"","함경도","회령도호부사",6,1508,
"","함흥부","서윤",7,1509,
"","해전고","주부",12,1510,
"","해주목","서윤",7,1511,
"","헌릉","봉사",16,1512,
"","헌릉","영",10,1513,
"","헌릉","참봉",18,1514,
"","형조","낭관",10,1515,
"","형조","낭청",12,1516,
"","형조","당상",3,1517,
"","형조","의랑",7,1518,
"","형조","전서",5,1519,
"","형조","정랑",9,1520,
"","형조","좌랑",11,1521,
"","형조","주사",13,1522,
"","형조","지사",4,1523,
"","형조","참의",5,1524,
"","형조","참판",4,1525,
"","형조","판서",3,1526,
"","혜릉","참봉",18,1527,
"","혜민서","의학교수",12,1529,
"","혜민서","제조",3,1530,
"","혜민서","지사",8,1531,
"","호위청","대장",4,1532,
"","호위청","별장",5,1533,
"","호조","계사",16,1535,
"","호조","급전사판사",9,1536,
"","호조","낭관",10,1537,
"","호조","낭청",12,1538,
"","호조","산사",14,1539,
"","호조","산학박사",18,1540,
"","호조","의랑",7,1541,
"","호조","전서",5,1542,
"","호조","정랑",9,1543,
"","호조","좌랑",11,1544,
"","호조","참판",4,1545,
"","호조","판서",3,1546,
"","혼궁도감","제조",3,1547,
"","혼전도감","제조",3,1548,
"","홍릉","도제조",1,1549,
"","홍릉","제조",3,1550,
"","홍문관","교리",9,1551,
"","홍문관","대제학",3,1552,
"","홍문관","부교리",10,1554,
"","홍문관","부수찬",12,1555,
"","홍문관","부응교",8,1556,
"","홍문관","부제학",5,1557,
"","홍문관","수찬",11,1558,
"","홍문관","응교",7,1559,
"","홍문관","저작",15,1560,
"","홍문관","전적",11,1561,
"","홍문관","전한",6,1562,
"","홍문관","정자",17,1563,
"","홍문관","제학",4,1564,
"","홍문관","직제학",5,1565,
"","홍문관","학사",3.5,1566,
"","홍충도","수군절도사",4,1567,
"","활인서","별제",12,1568,
"","활인서","제조",3,1569,
"","황해도","경력",8,1570,
"","황해도","관찰사",4,1571,
"","황해도","교수",12,1572,
"","황해도","군수",8,1573,
"","황해도","도사",10,1574,
"","황해도","목사",5,1575,
"","황해도","방어사",4,1576,
"","황해도","별장",18,1577,
"","황해도","병마절도사",4,1578,
"","황해도","서흥도호부사",6,1579,
"","황해도","수군절도사",4,1580,
"","황해도","연안도호부사",6,1581,
"","황해도","영장",5,1582,
"","황해도","중군",4,1583,
"","황해도","지사",6,1584,
"","황해도","판관",10,1585,
"","황해도","평산군지사",12,1586,
"","황해도","평산도호부사",6,1587,
"","황해도","풍천도호부사",6,1588,
"","황해도","현감",12,1589,
"","효릉","참봉",18,1590,
"","후릉","영",9,1591,
"","후릉","참봉",18,1592,
"","훈련도감","낭청",12,1593,
"","훈련도감","대장",4,1594,
"","훈련도감","도제조",1,1595,
"","훈련도감","별장",5,1596,
"","훈련도감","제조",3,1597,
"","훈련도감","중군",4,1598,
"","훈련도감","참군",13,1599,
"","훈련도감","천총",5,1600,
"","훈련원","권지봉사",16,1601,
"","훈련원","도정",4,1602,
"","훈련원","봉사",16,1603,
"","훈련원","부사",10.5,1604,
"","훈련원","부정",6,1605,
"","훈련원","사",9.5,1606,
"","훈련원","습독관",16,1607,
"","훈련원","정",5,1608,
"","훈련원","주부",12,1609,
"","훈련원","참군",13,1610,
"","훈련원","첨정",8,1611,
"","훈련원","판관",10,1612,
"","휘릉","참봉",18,1613,
"","희릉","참봉",18,1614,
"가덕대부","","",2,1615,
"가선대부","","",4,1616,
"가선대부","","관찰사",4,1617,
"가선대부","","절도사",4,1618,
"가선대부","","판서",4,1619,
"가선대부","강원도","강계도호부사",4,1620,
"가선대부","강원도","강릉대도호부사",4,1621,
"가선대부","강원도","관찰사",4,1622,
"가선대부","개성부","유수",4,1623,
"가선대부","경기","관찰사",4,1624,
"가선대부","경기","광주목사",4,1625,
"가선대부","경기","부평도호부사",4,1626,
"가선대부","경기","수군절도사",4,1627,
"가선대부","경기","양주목사",4,1628,
"가선대부","경기","여주목사",4,1629,
"가선대부","경상도","경주부윤",4,1630,
"가선대부","경상도","관찰사",4,1631,
"가선대부","경상도","김해도호부사",4,1632,
"가선대부","경상도","병마절도사",4,1633,
"가선대부","경상도","성주목사",4,1634,
"가선대부","경상도","수군절도사",4,1635,
"숭덕대부","","",2,1844,
"가선대부","경상도","안동대도호부사",4,1636,
"가선대부","경상도","절도사",4,1637,
"가선대부","경상도","진주목사",4,1638,
"가선대부","공조","참판",4,1639,
"가선대부","공조","판서",4,1640,
"가선대부","내시부","상선",4,1641,
"가선대부","돈녕부","도정",4,1642,
"가선대부","돈녕부","동지사",4,1643,
"가선대부","병조","참판",4,1644,
"가선대부","사간원","대사간",4,1645,
"가선대부","사헌부","대사헌",4,1646,
"가선대부","성균관","대사성",4,1647,
"가선대부","승정원","도승지",4,1648,
"가선대부","승정원","동부승지",4,1649,
"가선대부","승정원","우부승지",4,1650,
"가선대부","승정원","우승지",4,1651,
"가선대부","승정원","좌부승지",4,1652,
"가선대부","승정원","좌승지",4,1653,
"가선대부","예조","판서",4,1654,
"가선대부","오위","대호군",4,1655,
"가선대부","오위","부사과",4,1656,
"가선대부","오위","부사정",4,1657,
"가선대부","오위","부사직",4,1658,
"가선대부","오위","사과",4,1659,
"가선대부","오위","사맹",4,1660,
"가선대부","오위","상호군",4,1661,
"가선대부","오위","장",4,1662,
"가선대부","오위","호군",4,1663,
"가선대부","이조","참판",4,1664,
"가선대부","장례원","판결사",4,1665,
"가선대부","전라도","관찰사",4,1666,
"가선대부","전라도","군수",4,1667,
"가선대부","전라도","나주목사",4,1668,
"가선대부","전라도","남원도호부사",4,1669,
"가선대부","전라도","남원목사",4,1670,
"가선대부","전라도","수군절도사",4,1671,
"가선대부","전라도","순천도호부사",4,1672,
"가선대부","전라도","장흥도호부사",4,1673,
"가선대부","전라도","전주부윤",4,1674,
"가선대부","전라도","절도사",4,1675,
"가선대부","중추부","동지사",4,1676,
"가선대부","중추부","지사",4,1677,
"가선대부","중추부","첨지사",4,1678,
"가선대부","충청도","공주목사",4,1679,
"가선대부","충청도","관찰사",4,1680,
"가선대부","충청도","군수",4,1681,
"가선대부","충청도","수군절도사",4,1682,
"가선대부","충청도","절도사",4,1683,
"가선대부","충청도","충주목사",4,1684,
"가선대부","평안도","관찰사",4,1685,
"가선대부","평안도","군수",4,1686,
"가선대부","평안도","귀성도호부사",4,1687,
"가선대부","평안도","수군절도사",4,1688,
"가선대부","평안도","안주",4,1689,
"가선대부","평안도","의주",4,1690,
"가선대부","평안도","의주목사",4,1691,
"가선대부","평안도","절도사",4,1692,
"가선대부","평안도","정주목사",4,1693,
"가선대부","평안도","태천현감",4,1694,
"가선대부","한성부","우윤",4,1695,
"가선대부","한성부","좌윤",4,1696,
"가선대부","함경도","경원도호부사",4,1697,
"가선대부","함경도","관찰사",4,1698,
"가선대부","함경도","길주목사",4,1699,
"가선대부","함경도","북청도호부사",4,1700,
"가선대부","함경도","영흥도호부사",4,1701,
"가선대부","함경도","온성도호부사",4,1702,
"가선대부","함경도","절도사",4,1703,
"가선대부","함경도","종성도호부사",4,1704,
"가선대부","함경도","함흥부윤",4,1705,
"가선대부","함경도","회령도호부사",4,1706,
"가선대부","형조","참판",4,1707,
"가선대부","호조","참판",4,1708,
"가선대부","홍문관","부제학",4,1709,
"종사랑","","",17,1710,
"가선대부","황해도","관찰사",4,1711,
"가선대부","황해도","해주목사",4,1712,
"가선대부","황해도","황주목사",4,1713,
"가선대부","훈련원","도정",4,1714,
"가정대부","강원도","관찰사",4,1716,
"가정대부","개성부","유수",4,1717,
"가정대부","경기","관찰사",4,1718,
"가정대부","경상도","관찰사",4,1719,
"가정대부","경상도","부윤",4,1720,
"가정대부","경상도","수군절도사",4,1721,
"가정대부","경상도","절도사",4,1722,
"가정대부","공조","참판",4,1723,
"가정대부","내시부","상선",4,1724,
"가정대부","돈녕부","동지수",4,1725,
"가정대부","병조","참판",4,1726,
"가정대부","사간원","대사간",4,1727,
"가정대부","사헌부","대사헌",4,1728,
"가정대부","성균관","대사성",4,1729,
"가정대부","승정원","도승지",4,1730,
"가정대부","승정원","우부승지",4,1731,
"가정대부","승정원","우승지",4,1732,
"가정대부","승정원","좌승지",4,1733,
"가정대부","예조","참판",4,1734,
"가정대부","오위","상호군",4,1735,
"가정대부","오위","호군",4,1736,
"가정대부","의금부","동지사",4,1737,
"가정대부","이조","참판",4,1738,
"가정대부","전라도","관찰사",4,1739,
"가정대부","전라도","부윤",4,1740,
"가정대부","전라도","절도사",4,1741,
"가정대부","중추부","동지사",4,1742,
"가정대부","중추부","지사",4,1743,
"가정대부","중추부","첨지사",4,1744,
"가정대부","충청도","관찰사",4,1745,
"가정대부","충청도","수군절도사",4,1746,
"통정대부","","주부",5,2070,
"가정대부","충청도","절도사",4,1747,
"가정대부","평안도","관찰사",4,1748,
"가정대부","한성부","좌윤",4,1749,
"가정대부","함경도","관찰사",4,1750,
"가정대부","함경도","절도사",4,1751,
"가정대부","함경도","절제사",4,1752,
"가정대부","함경도","회령도호부사",4,1753,
"가정대부","형조","참판",4,1754,
"가정대부","형조","판서",4,1755,
"가정대부","호조","참판",4,1756,
"가정대부","황해도","관찰사",4,1757,
"가정대부","황해도","목사",4,1758,
"가정대부","훈련원","도정",4,1759,
"건공장군","","",6,1760,
"건공장군","오위","대호군",6,1761,
"계공랑","","",14,1762,
"계공랑","","교수",14,1763,
"과의교위","","상호군",9,1764,
"광덕대부","","",2,1765,
"근력부위","","",18,1766,
"대광보국숭록대부","","",1,1767,
"대광보국숭록대부","경연","영사",1,1768,
"대광보국숭록대부","돈녕부","영사",1,1769,
"대광보국숭록대부","병조","판서",1,1770,
"대광보국숭록대부","의정부","영의정",1,1771,
"대광보국숭록대부","의정부","우의정",1,1772,
"대광보국숭록대부","의정부","좌의정",1,1773,
"대광보국숭록대부","이조","판서",1,1774,
"대광보국숭록대부","종친부","판종정경",1,1775,
"대광보국숭록대부","중추부","영사",1,1776,
"대광보국숭록대부","중추부","지사",1,1777,
"대광보국숭록대부","중추부","판사",1,1778,
"대광보국숭록대부","춘추관","영사",1,1779,
"대광보국숭록대부","충훈부","부원군",1,1780,
"대광보국숭록대부","호조","판서",1,1781,
"돈용교위","","",11,1782,
"맹건부위","","",15,1783,
"명선대부","","",5,1784,
"","","기총",15,28,
"무공랑","","",13,1785,
"병절교위","","",12,1786,
"보공장군","","",6,1787,
"보국숭록대부","","",1,1788,
"보국숭록대부","돈녕부","영사",1,1789,
"보국숭록대부","돈녕부","판사",1,1790,
"보국숭록대부","의금부","판사",1,1791,
"보국숭록대부","의정부","영의정",1,1792,
"보국숭록대부","의정부","좌의정",1,1793,
"보국숭록대부","의정부","좌찬성",1,1794,
"보국숭록대부","중추부","영사",1,1795,
"보국숭록대부","중추부","첨지사",1,1796,
"보국숭록대부","중추부","판사",1,1797,
"보국숭록대부","충훈부","부원군",1,1798,
"보국숭록대부","함경도","관찰사",1,1799,
"봉렬대부","","",7,1800,
"봉렬대부","사간원","사간",7,1801,
"봉렬대부","사간원","정언",7,1802,
"봉렬대부","사간원","헌납",7,1803,
"봉렬대부","사헌부","장령",7,1804,
"봉렬대부","사헌부","지평",7,1805,
"봉렬대부","사헌부","집의",7,1806,
"봉정대부","","",7,1807,
"봉정대부","사간원","사간",7,1808,
"봉정대부","사간원","정언",7,1809,
"봉정대부","사간원","집의",7,1810,
"봉정대부","사간원","헌납",7,1811,
"봉정대부","사복시","",7,1812,
"봉정대부","사역원","판관",7,1813,
"봉정대부","사헌부","장령",7,1814,
"봉정대부","사헌부","지평",7,1815,
"봉정대부","사헌부","집의",7,1816,
"봉정대부","예조","의랑",7,1817,
"봉직랑","","",10,1818,
"봉직랑","사간원","정언",10,1819,
"봉직랑","사간원","헌납",10,1820,
"봉직랑","사헌부","지평",10,1821,
"봉헌대부","","",3,1822,
"봉훈랑","","",10,1823,
"봉훈랑","사간원","정언",10,1824,
"봉훈랑","사간원","헌납",10,1825,
"봉훈랑","사헌부","지평",10,1826,
"분순부위","","",14,1827,
"상공부위","","",16,1828,
"선교랑","","",12,1829,
"선교랑","사간원","정언",12,1830,
"선략장군","","",8,1831,
"선략장군","","호군",8,1832,
"선략장군","오사","충좌시위사",8,1833,
"선략장군","오사","호분시위사",8,1834,
"선무랑","","",12,1835,
"선무랑","사간원","정언",12,1836,
"선휘대부","종친부","전첨",7,1837,
"성록대부","","",1,1838,
"성록대부","충훈부","부원군",1,1839,
"수록대부","","",1,1840,
"수위부의","","",16,1841,
"수위부의","","부사직",16,1842,
"순의대부","","",4,1843,
"숭덕대부","","제조",2,1845,
"숭록대부","","",2,1846,
"숭록대부","돈녕부","판사",2,1847,
"숭록대부","병조","판서",2,1848,
"숭록대부","의정부","우찬성",2,1849,
"숭록대부","의정부","좌찬성",2,1850,
"숭록대부","의정부","좌참찬",2,1851,
"숭록대부","이조","판서",2,1852,
"숭록대부","중추부","영사",2,1853,
"숭록대부","중추부","지사",2,1854,
"숭록대부","중추부","판사",2,1855,
"숭록대부","호조","판서",2,1856,
"숭정대부","","",2,1857,
"숭정대부","경기","관찰사",2,1858,
"숭정대부","경상도","관찰사",2,1859,
"숭정대부","공조","판서",2,1860,
"숭정대부","돈녕부","지사",2,1861,
"숭정대부","돈녕부","판사",2,1862,
"숭정대부","병조","판서",2,1863,
"숭정대부","사옹원","도제조",2,1864,
"숭정대부","사헌부","대사헌",2,1865,
"숭정대부","예문관","대제학",2,1866,
"숭정대부","예조","판서",2,1867,
"숭정대부","오위","부호군",2,1868,
"숭정대부","의정부","우찬성",2,1869,
"숭정대부","의정부","우참찬",2,1870,
"숭정대부","의정부","좌찬성",2,1871,
"숭정대부","의정부","좌참찬",2,1872,
"숭정대부","이조","판서",2,1873,
"숭정대부","중추부","동지사",2,1874,
"숭정대부","중추부","지사",2,1875,
"숭정대부","중추부","판사",2,1876,
"숭정대부","중추원","지사",2,1877,
"숭정대부","평안도","관찰사",2,1878,
"숭정대부","한성부","판윤",2,1879,
"숭정대부","함경도","관찰사",2,1880,
"숭정대부","함경도","수군절도사",2,1881,
"숭정대부","함경도","절도사",2,1882,
"숭정대부","형조","판서",2,1883,
"숭정대부","호조","판서",2,1884,
"숭헌대부","","",3,1885,
"승사랑","","",16,1886,
"승위부위","","",15,1887,
"승의랑","","",11,1888,
"승의랑","사간원","정언",11,1889,
"승의랑","사간원","헌납",11,1890,
"승의랑","사헌부","지평",11,1891,
"승의랑","선공감","판관",11,1892,
"승헌대부","","",3,1893,
"승훈랑","","",11,1894,
"승훈랑","봉상시","주부",11,1895,
"승훈랑","사간원","정언",11,1896,
"승훈랑","사간원","헌납",11,1897,
"승훈랑","사헌부","지평",11,1898,
"승훈랑","성균관","전적",11,1899,
"승훈랑","예문관","봉교",11,1900,
"어모장군","","",5,1901,
"어모장군","오위","호군",5,1902,
"여절교위","","",12,1903,
"유록대부","","",1,1904,
"자의대부","","",4,1905,
"자헌대부","","",3,1906,
"자헌대부","","제조",3,1907,
"자헌대부","강원도","관찰사",3,1908,
"자헌대부","개성부","유수",3,1909,
"자헌대부","경기","관찰사",3,1910,
"자헌대부","경상도","관찰사",3,1911,
"자헌대부","경상도","절도사",3,1912,
"자헌대부","공조","판서",3,1913,
"자헌대부","돈녕부","동지사",3,1914,
"자헌대부","돈녕부","지사",3,1915,
"자헌대부","병조","참판",3,1916,
"자헌대부","병조","판서",3,1917,
"자헌대부","사헌부","대사헌",3,1918,
"자헌대부","승정원","도승지",3,1919,
"자헌대부","예문관","대제학",3,1920,
"자헌대부","예조","참판",3,1921,
"자헌대부","예조","판서",3,1922,
"자헌대부","오위","대호군",3,1923,
"자헌대부","오위","상호군",3,1924,
"자헌대부","의정부","우참찬",3,1925,
"자헌대부","의정부","좌참찬",3,1926,
"자헌대부","이조","판서",3,1927,
"자헌대부","전라도","관찰사",3,1928,
"자헌대부","전라도","수군절도사",3,1929,
"자헌대부","중추부","동지사",3,1930,
"자헌대부","중추부","지사",3,1931,
"자헌대부","중추부","첨지사",3,1932,
"자헌대부","충청도","관찰사",3,1933,
"자헌대부","충청도","절도사",3,1934,
"자헌대부","평안도","관찰사",3,1935,
"자헌대부","평안도","절도사",3,1936,
"자헌대부","한성부","판윤",3,1937,
"자헌대부","함경도","경원도호부사",3,1938,
"자헌대부","함경도","관찰사",3,1939,
"자헌대부","함경도","수군절도사",3,1940,
"자헌대부","함경도","절도사",3,1941,
"자헌대부","형조","참판",3,1942,
"자헌대부","형조","판서",3,1943,
"자헌대부","호조","판서",3,1944,
"자헌대부","황해도","관찰사",3,1945,
"장사랑","","",18,1946,
"장사랑","소격서","참봉",18,1947,
"적순부위","","",13,1948,
"전력부위","","",18,1949,
"절충장군","","",5,1950,
"절충장군","","천총",5,1951,
"절충장군","경기","수군절도사",5,1952,
"절충장군","경상도","고령진첨절제사",5,1953,
"절충장군","경상도","부산포첨절제사",5,1954,
"절충장군","경상도","수군절도사",5,1955,
"절충장군","경상도","절도사",5,1956,
"절충장군","경상도","제포첨절제사",5,1957,
"절충장군","경상도","창주첨절제사",5,1958,
"절충장군","내금위","내금위장",5,1959,
"절충장군","오위","대호군",5,1960,
"절충장군","오위","부사과",5,1961,
"절충장군","오위","부사정",5,1962,
"절충장군","오위","부사직",5,1963,
"절충장군","오위","부호군",5,1964,
"절충장군","오위","사과",5,1965,
"절충장군","오위","사맹",5,1966,
"절충장군","오위","사직",5,1967,
"절충장군","오위","상호군",5,1968,
"절충장군","오위","호군",5,1969,
"절충장군","우림위","우림위장",5,1970,
"절충장군","전라도","수군절도사",5,1971,
"절충장군","중추부","첨지사",5,1972,
"절충장군","충청도","수군절도사",5,1973,
"절충장군","충청도","절도사",5,1974,
"절충장군","평안도","만포첨절제사",5,1975,
"절충장군","평안도","벽단첨절제사",5,1976,
"절충장군","평안도","선사포첨절제사",5,1977,
"절충장군","평안도","우후",5,1978,
"절충장군","함경도","동관첨절제사",5,1979,
"절충장군","함경도","우후",5,1980,
"절충장군","함경도","절도사",5,1981,
"절충장군","함경도","혜산첨절제사",5,1982,
"절충장군","함경도","훈융진첨절제사",5,1983,
"절충장군","훈련원","도정",5,1984,
"정의대부","","",4,1985,
"정헌대부","","",3,1986,
"정헌대부","","제조",3,1987,
"정헌대부","개성부","유수",3,1988,
"정헌대부","경상도","관찰사",3,1989,
"정헌대부","경연","지사",3,1990,
"정헌대부","공조","판서",3,1991,
"정헌대부","돈녕부","지사",3,1992,
"정헌대부","병조","판서",3,1993,
"정헌대부","사헌부","대사헌",3,1994,
"정헌대부","승정원","도승지",3,1995,
"정헌대부","영안도","병마절도사",3,1996,
"정헌대부","예조","판서",3,1997,
"","","낭관",10,29,
"정헌대부","오위","부사직",3,1998,
"정헌대부","의정부","우참찬",3,1999,
"정헌대부","의정부","좌참찬",3,2000,
"정헌대부","이조","판서",3,2001,
"정헌대부","전라도","관찰사",3,2002,
"정헌대부","중추부","동지사",3,2003,
"정헌대부","중추부","지사",3,2004,
"정헌대부","중추부","첨지사",3,2005,
"정헌대부","춘추관","동지사",3,2006,
"정헌대부","평안도","관찰사",3,2007,
"정헌대부","평안도","절도사",3,2008,
"정헌대부","한성부","판윤",3,2009,
"정헌대부","형조","판서",3,2010,
"정헌대부","호조","판서",3,2011,
"조봉대부","","",8,2012,
"조봉대부","경기","이천현감",8,2013,
"조봉대부","내섬시","첨정",8,2014,
"조봉대부","사간원","정언",8,2015,
"조봉대부","사간원","헌납",8,2016,
"조봉대부","사헌부","장령",8,2017,
"조봉대부","사헌부","지평",8,2018,
"조봉대부","선공감","첨정",8,2019,
"조산대부","","",8,2020,
"조산대부","사간원","사간",8,2021,
"조산대부","사간원","정언",8,2022,
"조산대부","사간원","헌납",8,2023,
"조산대부","사헌부","장령",8,2024,
"조산대부","사헌부","지평",8,2025,
"조산대부","사헌부","집의",8,2026,
"중의대부","","",4,2027,
"중의대부","함길도","수군절도사",4,2028,
"중직대부","","",6,2029,
"중직대부","사간원","사건",6,2030,
"중직대부","사헌부","장령",6,2031,
"중직대부","사헌부","지평",6,2032,
"중직대부","사헌부","집의",6,2033,
"중직대부","제용감","첨정",6,2034,
"중직대부","호조","정랑",6,2035,
"중훈대부","","",6,2036,
"중훈대부","내자시","",6,2037,
"중훈대부","사간원","사간",6,2038,
"중훈대부","사간원","정언",6,2039,
"중훈대부","사간원","헌납",6,2040,
"중훈대부","사헌부","장령",6,2041,
"중훈대부","사헌부","지평",6,2042,
"중훈대부","사헌부","집의",6,2043,
"진용교위","","",11,2044,
"진위장군","","",7,2045,
"진의부위","","",18,2046,
"창신교위","","",10,2047,
"충의교위","","절제사",9,2048,
"치력부위","","",17,2049,
"통덕랑","","",9,2050,
"통덕랑","사간원","정언",9,2051,
"통덕랑","사간원","헌납",9,2052,
"통덕랑","사헌부","장령",9,2053,
"통덕랑","사헌부","지평",9,2054,
"통덕랑","이조","정랑",9,2055,
"통사랑","","",15,2056,
"통선랑","","",9,2057,
"통선랑","사간원","정언",9,2058,
"통선랑","사간원","헌납",9,2059,
"통선랑","사헌부","장령",9,2060,
"통선랑","사헌부","지평",9,2061,
"통선랑","형조","정랑",9,2062,
"통선랑","호조","좌랑",9,2063,
"통정대부","","",5,2064,
"통정대부","","관찰사",5,2065,
"통정대부","","도호부사",5,2066,
"통정대부","","목사",5,2067,
"통정대부","","부제조",5,2068,
"통정대부","","부제학",5,2069,
"통정대부","강원도","강릉대도호부사",5,2071,
"통정대부","강원도","관찰사",5,2072,
"통정대부","강원도","삼척도호부사",5,2073,
"통정대부","강원도","삼척부사",5,2074,
"통정대부","강원도","청송부사",5,2075,
"통정대부","강원도","춘천도호부사",5,2076,
"통정대부","강원도","평강현감",5,2077,
"통정대부","강원도","회양도호부사",5,2078,
"통정대부","강화부","강화도호부사",5,2079,
"통정대부","경기","목사",5,2080,
"통정대부","경기","부평도호부사",5,2081,
"통정대부","경기","양주목사",5,2082,
"통정대부","경기","여주목사",5,2083,
"통정대부","경기","옹진현령",5,2084,
"통정대부","경기","인천도호부사",5,2085,
"통정대부","경상도","군수",5,2086,
"통정대부","경상도","김해도호부사",5,2087,
"통정대부","경상도","대구도호부사",5,2088,
"통정대부","경상도","밀양도호부사",5,2089,
"통정대부","경상도","상주목사",5,2090,
"통정대부","경상도","성주목사",5,2091,
"통정대부","경상도","안동대도호부사",5,2092,
"통정대부","경상도","영해도호부사",5,2093,
"통정대부","경상도","영해부사",5,2094,
"통정대부","경상도","웅천현감",5,2095,
"통정대부","경상도","진주목사",5,2096,
"통정대부","경상도","창원도호부사",5,2097,
"통정대부","경상도","청송도호부사",5,2098,
"통정대부","경주부","경주부윤",5,2099,
"통정대부","공조","참의",5,2100,
"통정대부","군자감","정",5,2101,
"통정대부","내시부","상탕",5,2102,
"통정대부","돈녕부","도정",5,2103,
"통정대부","병조","참의",5,2104,
"통정대부","사간원","대사간",5,2105,
"통정대부","사복시","부정",5,2106,
"통정대부","사복시","정",5,2107,
"통정대부","사헌부","집의",5,2108,
"통정대부","성균관","대사성",5,2109,
"통정대부","성균관","사성",5,2110,
"통정대부","성균관","전적",5,2111,
"통정대부","수원부","수원도호부사",5,2112,
"통정대부","수원부","수원부사",5,2113,
"통정대부","승정원","도승지",5,2114,
"통정대부","승정원","동부승지",5,2115,
"통정대부","승정원","우부승지",5,2116,
"통정대부","승정원","우승지",5,2117,
"통정대부","승정원","좌부승지",5,2118,
"통정대부","승정원","좌승지",5,2119,
"통정대부","예문관","부제학",5,2120,
"통정대부","예조","참의",5,2121,
"통정대부","이조","참의",5,2122,
"통정대부","장례원","판결사",5,2123,
"통정대부","전라도","관찰사",5,2124,
"통정대부","전라도","광주목사",5,2125,
"통정대부","전라도","군수",5,2126,
"통정대부","전라도","나주목사",5,2127,
"통정대부","전라도","남원도호부사",5,2128,
"통정대부","전라도","순천도호부사",5,2129,
"통정대부","전라도","장흥도호부사",5,2130,
"통정대부","전라도","전주부윤",5,2131,
"통정대부","전라도","제주목사",5,2132,
"통정대부","전주부","전주부윤",5,2133,
"통정대부","중추원","첨지사",5,2134,
"통정대부","충청도","공주목사",5,2135,
"통정대부","충청도","관찰사",5,2136,
"통정대부","충청도","군수",5,2137,
"통정대부","충청도","청주목사",5,2138,
"통정대부","충청도","충주목사",5,2139,
"통정대부","충청도","홍주목사",5,2140,
"통정대부","평안도","강계도호부사",5,2141,
"통정대부","평안도","군수",5,2142,
"통정대부","평안도","귀성도호부사",5,2143,
"통정대부","평안도","삭주도호부사",5,2144,
"통정대부","평안도","성천도호부사",5,2145,
"통정대부","평안도","성천부사",5,2146,
"통정대부","평안도","숙천도호부사",5,2147,
"통정대부","평안도","안주목사",5,2148,
"통정대부","평안도","의주목사",5,2149,
"통정대부","평안도","정주목사",5,2150,
"통정대부","평안도","창성도호부사",5,2151,
"통정대부","함경도","갑산도호부사",5,2152,
"통정대부","함경도","경원도호부사",5,2153,
"통정대부","함경도","경흥도호부사",5,2154,
"통정대부","함경도","군수",5,2155,
"통정대부","함경도","길주목사",5,2156,
"통정대부","함경도","온성도호부사",5,2157,
"통정대부","함경도","종성도호부사",5,2158,
"통정대부","함경도","회령도호부사",5,2159,
"통정대부","형조","참의",5,2160,
"통정대부","호조","참의",5,2161,
"통정대부","호조","참판",5,2162,
"통정대부","홍문관","대제학",5,2163,
"통정대부","홍문관","부제학",5,2164,
"통정대부","홍주","목사",5,2165,
"통정대부","황주","목사",5,2166,
"","","부수",13,2210,
"","","판의금부사",2,2211,
"","돈녕부","녹사",15,2212,
"","문소전","직장",14,2213,
"","","소윤",8,2214,
"","집현전","수찬",11,2215,
"","","학관",15,2216,
"","해주목","판관",10,2217,
"","","부사용",18,2218,
"","","남원부사",6,2219,
"","","교도",18,2220,
"정략장군","","",8,2221,
"","","세마",17,2222,
"","","좌부수",13,2223,
"","","우부수",13,2224,
"","","사정",13,2225,
"","","허통",19,2226,
"","","유학",19,2227,
"","","진사",19,2228,
"","","생원",19,2229,
"","","부지",3,2230,
"","도관서","승",12,2231,
"충의교위","","",9,2232,
"","","충의",19,2233,
"","","상호군",5,2234,
"","","창승",14,2236,
"","풍저창","승",14,2237,
"","광흥창","승",14,2238,
"","","직관",17,2239,
"","소격서","영",10,849,
"","아악서","령",9,925,
"통정대부","황해도","관찰사",5,2167,
"통정대부","황해도","군수",5,2168,
"통정대부","황해도","신계현령",5,2169,
"통정대부","황해도","안주목사",5,2170,
"통정대부","황해도","연안도호부사",5,2171,
"통정대부","황해도","정주목사",5,2172,
"통정대부","황해도","토산현감",5,2173,
"통정대부","황해도","풍천도호부사",5,2174,
"통정대부","황해도","해주목사",5,2175,
"통정대부","황해도","황주목사",5,2176,
"통직랑","종친부","전부",9,2177,
"통헌대부","","",3,2178,
"통훈대부","","",5,2179,
"통훈대부","군자감","정",5,2180,
"통훈대부","내섬시","정",5,2181,
"통훈대부","내자시","판사",5,2182,
"통훈대부","사간원","사간",5,2183,
"통훈대부","사간원","헌납",5,2184,
"통훈대부","사도시","첨정",5,2185,
"통훈대부","사헌부","장령",5,2186,
"통훈대부","사헌부","지평",5,2187,
"통훈대부","사헌부","집의",5,2188,
"통훈대부","성균관","사예",5,2189,
"통훈대부","승문원","지사",5,2190,
"통훈대부","종부시","정",5,2191,
"현록대부","","",1,2192,
"현록대부","의정부","영의정",1,2193,
"현신교위","","",10,2194,
"효력부위","","",17,2195,
"흥록대부","","",1,2196,
"","","사맹",15,2197,
"","","부수찬",12,2198,
"","","부호군",12,2199,
"","","우부수",13,2200,
"","","참군",13,2201,
"","","감역관",18,2202,
"","","사과",11,2203,
"","세자익위사","부수",13,2204,
"","","사사",16,2205,
"","","선전관",18,2206,
"","","우사어",10,2207,
"승의부위","","",15,2208,
"진무부위","","",17,2209,
